,A,B,C,D
2000-01-01,-0.22916759363519032,0.548128002019078,0.7489015166054507,-0.15014517210388065
2000-01-02,0.2736605763996316,1.3808697250240454,-0.14500791058008244,0.1606051946039653
2000-01-03,0.5886480520658617,0.3656888390689226,-0.007631956476780388,0.954544422577009
2000-01-04,-0.19860567388160677,0.25977999673261587,-0.0760270790703772,0.032369638081932606
2000-01-05,-1.0181522033825159,0.02580897508197011,-0.06514511077814444,1.6643847521729653
2000-01-06,-0.08166968946310549,-1.7663486463647824,-0.43358709979711035,-0.12142036024329239
2000-01-07,-0.04615049615977827,-1.8414602978035493,-0.7918059224610221,0.13202652263167686
2000-01-08,-1.0744707777156384,-2.758041634870126,-1.3280132622100522,0.8616987066198483
2000-01-09,-0.6343020951058349,-1.7210394110776572,-3.0735501144294917,1.0091039806308841
2000-01-10,0.3033492093255282,-1.906705060842488,-3.538200863395123,2.148704885558751
2000-01-11,-0.47931502564816386,-0.9375099370407213,-4.8916932072036765,2.251422057715544
2000-01-12,-1.5653037479473686,-0.37776084150488254,-4.107901760005199,2.8536013219257197
2000-01-13,-1.8778402115167137,-0.8716958740569372,-3.5245998175319118,3.615615891311631
2000-01-14,-1.0773002300499335,1.4111597988683198,-1.708418614466864,3.5680585359530257
2000-01-15,-2.6083743770764447,1.8117315765649398,-0.8775011210967465,3.9526476706743923
2000-01-16,-2.7820062930571674,1.917757481140142,0.00012927014300434525,4.647671005799748
2000-01-17,-3.563619007499676,3.2188676193322054,-0.30278622365901503,3.3679294018456574
2000-01-18,-3.3313498681046014,5.208858077244127,1.2221020506361648,1.5060664191407953
2000-01-19,-5.286908118350991,5.615708878713879,1.7748711977860792,2.264366186517742
2000-01-20,-5.006012076839872,5.655245273308631,1.9131254251268086,2.6267340816424056
2000-01-21,-3.99461277377043,6.290033133676132,0.8715262571099978,2.6892143038278733
2000-01-22,-4.640708890898873,5.427482138320467,-0.4291768916645282,4.075605496075385
2000-01-23,-5.442746118500219,4.741614290243536,-1.6775045552605625,4.163829144666844
2000-01-24,-6.557051152420556,3.8818421699105583,-1.9507318218179237,3.0229829177846765
2000-01-25,-6.460373783482256,5.347805318405399,-3.5307425646990485,3.8734996760551064
2000-01-26,-5.4882596782653685,5.696266693692437,-3.484631248349881,7.333377606225767
2000-01-27,-4.951172549000722,5.8986554277847105,-3.9648308405043897,7.089502831411222
2000-01-28,-3.3744313566979427,5.68485043891311,-4.257534638713274,5.303575015447587
2000-01-29,-3.694496757064886,4.999714792193244,-5.294787727774823,2.519360477438954
2000-01-30,-5.042886954010168,5.23378380863693,-6.476367309493643,2.5662414265818203
2000-01-31,-5.817983731261302,5.284685387143841,-6.626796319983968,2.185963305257952
2000-02-01,-4.595328939027012,5.045280475937207,-5.455688679639311,2.2607642036450977
2000-02-02,-4.0523728189286645,5.2310506432056805,-6.029515578412027,0.2510542899610546
2000-02-03,-3.912652463549386,4.724649224334098,-6.62613898267482,0.6357605802130105
2000-02-04,-3.4559462379275057,4.1334043521605714,-7.24246944056442,0.6950721992232702
2000-02-05,-3.2197491423441282,5.788089230099998,-9.649643666133976,-0.3122241239110235
2000-02-06,-2.9811534612603077,5.821289486927266,-10.390957357094388,0.23754082714865188
2000-02-07,-2.263824504849996,6.330405797761147,-11.741169933811376,-0.7443315613708685
2000-02-08,-2.4868083992381553,6.087118650710501,-10.174673169220036,-1.5118180535168289
2000-02-09,-3.5128248185676547,5.365071888688863,-8.97744184625326,-1.0354095376346484
2000-02-10,-2.9286923690255273,5.469433811157239,-9.977098664847752,-2.342709697639674
2000-02-11,-4.016457860383383,6.212303198688835,-10.47344088764192,-3.926415025042592
2000-02-12,-5.121458309352396,6.334520702320874,-9.596706566510452,-3.7590194855492505
2000-02-13,-3.8343355508579533,8.474165038695189,-10.314895677241015,-4.347339863617058
2000-02-14,-3.255354008042203,7.790455565185449,-12.200082569076798,-5.122901477049555
2000-02-15,-1.4520516810736477,8.78665942568655,-12.692838797348596,-4.103137280532747
2000-02-16,-1.6721702513624956,7.600662024064089,-12.68676885580468,-3.5038411744624733
2000-02-17,-2.57190925849058,9.448227608628843,-10.783925541604388,-2.6201501787509813
2000-02-18,-1.8776440764672828,10.542194396701888,-8.53981087053731,-3.2518379273948765
2000-02-19,-1.1993481592494912,10.37293742870587,-9.211591380399074,-1.6764485286473925
2000-02-20,-1.6909421850056408,9.513999459333151,-8.721504583289418,-2.780509583626549
2000-02-21,-0.5696577659786068,10.63593482563477,-8.999300681111704,-2.5242140904551364
2000-02-22,-0.2496520751502464,10.776504051610967,-8.856624672248731,-2.758171012307922
2000-02-23,-1.5988895889351167,12.112243182762993,-9.049469836798137,-2.9516566320991924
2000-02-24,-1.8572866699311823,12.367453719314815,-8.862948386471126,-1.7555858746140531
2000-02-25,-1.8303058714034175,13.198976098650872,-7.861209767614761,-1.5627147659268186
2000-02-26,-1.500299892267273,14.96225258116213,-7.538267650607678,-1.376207525520729
2000-02-27,-2.4326646427821643,15.10179723159209,-5.710065596674529,-1.9948653010437396
2000-02-28,-2.7244587166613754,14.746823643300246,-5.485245705743336,0.13483775851937496
2000-02-29,-3.3841452010557065,14.020426284198694,-5.477965213578238,0.38959722974541566
2000-03-01,-5.131006958280917,13.805467565205724,-5.95435400193769,1.0273426845737776
2000-03-02,-4.864402894814531,14.54039632559315,-6.782365961244675,-0.5034962868538304
2000-03-03,-5.789437718516187,14.799176276725786,-7.072215236785684,0.5641687153230157
2000-03-04,-6.036318381563191,16.906338513728883,-6.894603143143731,1.8648446209901486
2000-03-05,-5.384265503027191,17.501205793708117,-7.2341793840115205,1.2854165790025722
2000-03-06,-5.5956407850699845,15.937826384754871,-8.5800911178161,2.5532625360211316
2000-03-07,-4.544446010401456,15.118004075417616,-8.339951161783924,2.7347056195066117
2000-03-08,-2.997844938120849,15.380147196674518,-9.849437744810846,2.6903058343501502
2000-03-09,-3.51300552737556,15.457021437482373,-10.385832708743152,1.305036279646557
2000-03-10,-3.2380943882558872,17.120210697120363,-11.235873839690324,-1.0032180039547802
2000-03-11,-2.803296925713275,17.758595839338597,-9.2898083758091,-0.24669231406865566
2000-03-12,-3.468359110609189,17.625502816356992,-8.727409907256876,0.6920967209216585
2000-03-13,-3.9414674791363207,17.19417032085063,-9.133132128742703,-0.8029259083446002
2000-03-14,-3.5351024291517077,15.86042131856539,-9.563917470518508,0.7792250308227454
2000-03-15,-4.104502505068351,16.97950106811036,-8.059173141158603,0.30161270008479474
2000-03-16,-4.367802082484567,17.074218820004372,-9.257799607736606,0.6228952163018133
2000-03-17,-5.231484221480084,17.707604178524207,-9.866157035034426,-1.433208909472094
2000-03-18,-4.355253214621065,18.168654920254628,-10.544332580201681,1.0718476512425352
2000-03-19,-4.4946125482785035,18.041014492625134,-10.633986394342772,1.6149885737257585
2000-03-20,-4.660781583811902,16.887596028208446,-10.878885410889593,1.9322760000739796
2000-03-21,-3.8774021904186973,16.57109131287628,-11.575763123704927,2.1100438882472115
2000-03-22,-4.602213509282304,16.970429538316907,-11.972527672082268,3.322891225402099
2000-03-23,-3.708965864228217,18.420330689576794,-13.230564056425113,3.9727018121586988
2000-03-24,-5.343577098611126,17.94801913075346,-12.090286891385581,6.740297657901888
2000-03-25,-4.613050017527904,19.155197680141217,-10.295910979495298,7.174164264354106
2000-03-26,-4.228135961010686,20.294739087728324,-10.13028287230002,6.587156968060945
2000-03-27,-5.029460180587768,21.80554463966554,-10.6870922609093,6.496988661543297
2000-03-28,-4.725603147189469,22.85270491132748,-10.983696936491436,7.572553885875786
2000-03-29,-4.38087395442574,23.530747013738715,-12.01205170659809,7.912128142926285
2000-03-30,-3.642823326312653,23.78065034991273,-12.460822384470536,6.955614526239626
2000-03-31,-5.161519931472596,24.416892799869483,-11.295443666864053,7.5053658868320055
2000-04-01,-5.66875143413721,26.43809624078883,-10.563401508748763,7.420619600913016
2000-04-02,-6.033619768901172,25.94959469525193,-10.980060844252082,7.858927343186715
2000-04-03,-6.667106041436633,25.930233517324744,-11.484491529003094,7.891222722071899
2000-04-04,-8.401060053957032,25.011124111882506,-10.903931881599435,7.834210201206321
2000-04-05,-7.632257870859007,23.699451736676192,-12.791546407126601,7.555474731030613
2000-04-06,-7.180658311926885,22.27455329323122,-13.707684586832427,6.523305352199015
2000-04-07,-7.569112116753224,22.46443083001446,-14.609482909552858,9.069573086467846
2000-04-08,-8.314730598577917,22.012167349936714,-14.918302320335378,8.548898862673449
2000-04-09,-9.487082751549051,21.796132772846693,-14.954651519390566,7.450657612775135
2000-04-10,-11.627794072360949,20.758052125255777,-13.966464531905938,7.690685969515628
2000-04-11,-9.819702896500315,20.13159959045033,-13.684386064636138,9.304442378985385
2000-04-12,-9.709810281727105,20.41361224491772,-12.291993195515747,9.743997946121613
2000-04-13,-10.862279209999842,21.708953329155516,-12.428989915637285,9.693460928913915
2000-04-14,-12.540686868146866,21.985490868515573,-11.23927266017826,9.390281721275857
2000-04-15,-11.092580368558185,20.389380717199426,-11.5803163707376,9.72817817160913
2000-04-16,-11.217378156555906,21.93730339684011,-11.944964929952407,8.882974926580623
2000-04-17,-11.801859166468606,21.20539589053354,-12.725389643203917,9.787755899144841
2000-04-18,-11.884823029701192,21.3405787185798,-13.308864376997118,10.564162070400005
2000-04-19,-10.880376952161004,20.617909258578173,-12.439813870092781,11.190269826475754
2000-04-20,-9.494796640916242,20.155610647386354,-13.046516804233145,11.544103766849158
2000-04-21,-11.597753622219704,19.011085013037206,-13.3334183385786,11.997685398895504
2000-04-22,-12.468404714582636,19.988394974269912,-12.56079716834615,11.398923641833631
2000-04-23,-12.978423729108963,20.55694031709622,-12.528797469870042,9.994153261865026
2000-04-24,-12.1879092382043,22.072660785918842,-11.933064732852166,9.236371203227957
2000-04-25,-10.666921305440535,22.316552375838434,-11.791308604769911,12.791632722285113
2000-04-26,-12.175401709780683,24.02413565771406,-10.820463910155809,12.084132229069189
2000-04-27,-11.546577673813914,25.229904962648448,-11.626568615232749,11.791525542831248
2000-04-28,-11.395841744079346,24.349412729691007,-11.66782823555701,11.287860977387728
2000-04-29,-10.268838201793946,24.50316589586141,-10.500510951257091,11.126670397703752
2000-04-30,-11.51452294881975,23.114859663542404,-11.402053443485046,12.05314874650689
2000-05-01,-11.0191067405344,20.50752623790225,-9.344430367356672,12.818633706088285
2000-05-02,-12.029837779432352,20.99270184078852,-9.20564420336839,12.412154815350862
2000-05-03,-13.088749750558518,20.891172388857886,-10.043890951021442,12.691632750667768
2000-05-04,-12.616157400006411,19.646657688775434,-8.194057976634966,13.99223537251771
2000-05-05,-13.069772673880138,21.166752331916566,-8.38729845523434,15.232075456689644
2000-05-06,-12.497451931404026,21.65325591961356,-6.8875575234440705,15.898576261560402
2000-05-07,-12.11221064820356,21.83587429670312,-7.652685557295003,16.858199746943914
2000-05-08,-12.597074561668263,21.815928716269134,-8.22709810906498,16.74942273191372
2000-05-09,-14.184209240943284,22.910760032825937,-9.081019046407604,15.895490292913955
2000-05-10,-11.621749771234656,23.57110351112619,-7.236490725300271,15.731117707429584
2000-05-11,-10.92380583770976,23.98069998201139,-4.92046486564842,15.125378179086951
2000-05-12,-12.624614155128931,24.81086764777479,-6.280077171992667,14.401400941930858
2000-05-13,-13.172766838266124,24.982795921894166,-5.010382092081871,16.306812897333252
2000-05-14,-13.787063903488708,24.845488915704504,-4.9808705271784435,16.779230317555875
2000-05-15,-13.407809875362156,23.46691690006987,-3.7977283594603186,17.309405517565267
2000-05-16,-14.113844604214655,23.418774132383383,-5.534393868406332,17.777390081127688
2000-05-17,-14.362250445626177,23.83205050810481,-5.9526939903796405,19.135877559844097
2000-05-18,-14.236028912695039,23.896124843936743,-6.4205612214932595,18.12241748091229
2000-05-19,-14.238679702891817,24.750269213801857,-8.19227439894745,17.971897592682232
2000-05-20,-14.000146639821182,24.421373332773864,-9.660090859349413,18.16385492245063
2000-05-21,-13.934561352780705,26.07661758873777,-9.003655252359627,19.37393953182292
2000-05-22,-13.832427335265402,27.66881600571593,-8.54120836298083,18.978867270406727
2000-05-23,-13.304411884045358,29.74565069032501,-9.834583375057784,20.567037849385475
2000-05-24,-11.350760514441427,29.58464220207161,-8.421524367236676,23.242659945422773
2000-05-25,-12.128468604730728,30.91661256294072,-8.017053159250876,22.86088568020836
2000-05-26,-11.188751716040402,29.813639944928337,-6.875546313261282,23.242163429844474
2000-05-27,-11.74104788725232,29.77482897427231,-7.315295257181476,23.800614840847164
2000-05-28,-13.178414853659968,31.792282495476417,-7.935297589989394,24.285844810094723
2000-05-29,-13.424534742657743,30.826261085873966,-8.91442044920884,24.40596537572139
2000-05-30,-11.96640154039352,32.585403664087735,-9.614488393756558,25.83490171867669
2000-05-31,-11.62644696793516,33.00682479906264,-9.372858425382997,26.719364759914644
2000-06-01,-12.746183256290811,31.197071771261687,-8.736653066776258,25.787845162574047
2000-06-02,-13.223917269744229,30.25848567078516,-10.34057686803897,24.748366091598314
2000-06-03,-14.184821027746347,29.425427130972984,-9.852974166019719,25.021579665255636
2000-06-04,-14.951464657949288,29.459220115737754,-10.355208772426465,26.759805904808687
2000-06-05,-12.962960569098035,28.658543384324542,-8.507341091135466,26.438547142910675
2000-06-06,-12.047314049623054,28.54910967821436,-8.535232701133651,27.587373718185773
2000-06-07,-11.577816468450726,28.736772118011633,-7.04953346317929,28.232886909686254
2000-06-08,-11.268720123620858,30.379359913327015,-7.304837461812045,27.924985739188507
2000-06-09,-12.586788280925042,30.796154564453044,-7.724118702797738,27.477027047053042
2000-06-10,-13.591312715045335,32.173886834127515,-7.990795200993552,26.71839053254199
2000-06-11,-14.04445479986935,31.96764560908483,-8.042058281715267,27.306625656252123
2000-06-12,-13.767602212861743,30.889915113193894,-8.272902083801302,26.291615882901688
2000-06-13,-12.505213773123334,31.67909240734246,-9.232808398025407,26.38501329532354
2000-06-14,-12.106672393188466,31.667925622181215,-7.638460877831896,24.499189557861854
2000-06-15,-10.605280102883762,32.084805861057205,-5.954203486669014,24.195784555384478
2000-06-16,-10.610875539022409,32.682196445178505,-7.2783759833263435,25.29741616963797
2000-06-17,-10.412390302844189,32.245129993528664,-8.026375261040265,25.019459162240338
2000-06-18,-11.250591413477263,30.99881567469758,-8.389909352879155,24.4934936335732
2000-06-19,-11.606616380932747,30.615800729842345,-8.88900308627163,23.562483596698275
2000-06-20,-11.715310981984274,29.045169982523507,-8.450060442513628,24.37425892096237
2000-06-21,-12.231153073432205,28.52280325119768,-7.844156499121964,24.729449098896318
2000-06-22,-12.778712704561181,28.296220454771433,-8.25639380338197,24.388380369377682
2000-06-23,-11.37846239810224,26.757417012142557,-8.25469770139488,25.22381283700699
2000-06-24,-11.276158725997366,25.217916815780153,-9.227861688675864,23.92388567800217
2000-06-25,-11.831538650597857,24.87623050927223,-9.54938101619068,23.94445524553044
2000-06-26,-12.940478814583232,25.86848105789544,-10.158448317655845,24.23578609515579
2000-06-27,-14.468872799963103,26.07277630101993,-9.373578211688775,24.626734100701967
2000-06-28,-13.373257257272536,26.80734669184516,-10.610114074426978,25.399692409125283
2000-06-29,-12.755639826785599,26.030162312583474,-11.124567866736935,25.343860946723083
2000-06-30,-12.977188923266471,27.271983890956857,-8.412796771669784,25.778543307201492
2000-07-01,-12.252723417974604,28.620325742788005,-9.557309508899591,25.789152498403155
2000-07-02,-11.131576844335271,29.115510528058866,-11.615172790385593,23.804566413196273
2000-07-03,-10.514846396859006,29.675647694701567,-11.451908859798104,23.951818220433744
2000-07-04,-12.538485537745117,29.36743627215711,-11.631685355663413,25.454287634370928
2000-07-05,-11.617550408646407,29.585169218692922,-11.743928245670153,25.614622732201966
2000-07-06,-11.385685713339312,28.699736400283804,-12.70397932889713,25.872281383162033
2000-07-07,-12.448139188914004,28.90765370944637,-11.77077397996776,24.977840031551985
2000-07-08,-12.99928182074906,28.777580087357443,-12.382035961249965,25.532696907246404
2000-07-09,-13.767170124561984,29.77015010883057,-12.198843358115953,26.388910710141683
2000-07-10,-13.906728984653384,29.85388220094816,-12.314651483071092,26.922457524270552
2000-07-11,-13.181472190488298,28.87547936576771,-13.17396106041162,27.586070986137152
2000-07-12,-13.387910087621293,28.93412212150055,-15.06162741566094,26.966111037063097
2000-07-13,-13.34436581126962,29.62220248210063,-15.515419546703201,28.760538167284135
2000-07-14,-13.84565128027207,29.021003530865315,-16.10061810078701,28.27139137850995
2000-07-15,-14.220999593457657,28.26848946188432,-16.155925046379924,27.710501742355525
2000-07-16,-15.060002599170918,28.069015594772523,-15.270071368131205,28.54757210839326
2000-07-17,-16.194309984592998,28.871774362065292,-14.80294776378791,29.14938285702425
2000-07-18,-16.869397521935674,26.374047809591573,-15.4855064311581,28.52776820289224
2000-07-19,-17.373948540057636,28.36367804395091,-16.512395035319056,28.132227612424984
2000-07-20,-17.807911995134194,26.515605772960036,-17.861582102440348,27.248117123908884
2000-07-21,-17.015638970650933,29.640003693574307,-16.683533284193373,27.008609263900503
2000-07-22,-16.544345385724775,31.022670554467332,-16.74159941157535,24.98185526716544
2000-07-23,-16.83722813986275,32.28066833784671,-17.69338024584684,25.866327594714054
2000-07-24,-16.67433297350739,30.4883361194116,-16.777370398790875,26.90647002846619
2000-07-25,-17.526913004125603,27.517320765621392,-16.923395536982255,28.302214020557507
2000-07-26,-19.794472227396486,26.933709282320567,-15.501019617104486,28.89984802162941
2000-07-27,-19.728785474322468,26.97582898139926,-15.574023704073529,29.21701987420682
2000-07-28,-20.58204974679215,27.00365263872751,-13.920444167199518,26.87261450556819
2000-07-29,-19.12156297439203,27.17253961242754,-12.840781356456324,26.182726914317936
2000-07-30,-19.741262833945598,27.360747257622304,-13.487823589629453,26.674331205007295
2000-07-31,-19.2877569120067,26.49206540891478,-13.580647506753875,27.50165989612128
2000-08-01,-19.458642120940485,26.51504937530111,-12.21814953971787,26.245743492169133
2000-08-02,-19.084474984659174,26.152246007002056,-12.44189499901314,26.376926571214593
2000-08-03,-19.49487455450523,26.152720462990676,-12.308451991723716,24.300822962229237
2000-08-04,-19.683838971444025,25.32909269048543,-13.660973209302187,24.335633424783413
2000-08-05,-18.893965230233526,24.778591551599995,-13.4482305681249,25.29121653945276
2000-08-06,-18.811548073145747,25.584009751773962,-15.836831136594451,26.221065780411447
2000-08-07,-20.593886349989216,24.82735590428899,-14.742481855856026,27.215559225942744
2000-08-08,-19.534429792998942,24.069640725442547,-15.07771491631422,27.676169383373153
2000-08-09,-17.98179986744104,23.479543934772657,-14.140334505337657,26.95467239982919
2000-08-10,-15.892332487649128,24.280035561086507,-13.729000500784093,26.885631287388748
2000-08-11,-14.802862448125772,24.117047943780218,-14.723666654366447,26.56087740389369
2000-08-12,-13.910664784143691,23.7985508079207,-13.89881449231721,25.537733888910847
2000-08-13,-14.957578108725277,23.33981510128191,-15.27756441812484,26.183648428934774
2000-08-14,-14.8746259418263,24.463364290464803,-15.134677307413046,24.24182057517595
2000-08-15,-15.685918554299016,24.246686330741657,-14.108859436897019,24.300820807247938
2000-08-16,-15.720546450077562,26.5923754009854,-14.103605965767203,24.04954589375517
2000-08-17,-16.464548526103677,26.8970697677697,-14.122016229267906,23.47242907461986
2000-08-18,-17.767968196849502,27.090381934851383,-14.211933199243273,23.643290102095296
2000-08-19,-17.568507403261524,27.165252628723128,-14.82445200525872,22.595456557310094
2000-08-20,-16.418459545373874,27.40486035784557,-13.639714064990642,21.628295097267785
2000-08-21,-17.335195864805108,28.2215002699182,-14.432729406354781,21.34685715864963
2000-08-22,-17.813253763257343,28.797171897691577,-13.816846815031866,23.156547323189624
2000-08-23,-16.468243075341693,28.988731110358444,-14.127878693713567,22.942893112263672
2000-08-24,-16.900039585933694,27.112676733332385,-15.048537202010277,21.66958680672567
2000-08-25,-16.72773927784172,27.580968754938514,-13.707630385161652,22.09777959516913
2000-08-26,-17.326417194847124,28.669612811839844,-11.84775177513736,21.451550424049664
2000-08-27,-18.61845716532842,27.84912418004629,-10.142466755488915,22.295606950635694
2000-08-28,-18.002742158093426,27.071184655086086,-10.526046981261892,22.440416074695086
2000-08-29,-17.810020633613263,26.842892632505418,-10.880086754739152,23.283068116944563
2000-08-30,-19.00568225582802,28.10354078790739,-11.71618133583521,25.35672551511423
2000-08-31,-19.83740478327489,27.773171876488195,-11.61005238590903,27.598994152024055
2000-09-01,-19.340094419372562,27.45569610529058,-13.108530290744643,28.92128893179807
2000-09-02,-18.36007295280258,29.210361169282116,-14.009151905997411,30.413827473721327
2000-09-03,-19.565656799540765,27.540109161687607,-12.769081449045895,30.040474917518463
2000-09-04,-19.224408435661445,29.118211646925644,-13.057583396174673,29.471790913982282
2000-09-05,-18.4888538461362,25.985846786643307,-14.867033581981824,29.853346787021767
2000-09-06,-20.0336574381472,24.125730444617183,-13.890308010736275,30.06990370339927
2000-09-07,-18.610839466410248,24.019812120033937,-13.887169554542872,31.97138408669748
2000-09-08,-18.32578790855239,25.27139453287875,-14.698634336875438,33.79231792490902
2000-09-09,-18.075931065709707,26.597638508617756,-15.2725723988864,35.46639343737797
2000-09-10,-17.8293745766083,26.194082881625608,-15.902802290607886,36.65805990498525
2000-09-11,-17.479971954586507,26.847779245980202,-14.818482032611222,35.77130051328345
2000-09-12,-16.537784358445656,28.424343556924537,-14.69477337567859,35.3668302823603
2000-09-13,-16.90232809587266,28.97094095444675,-15.497515911862887,35.0268678743827
2000-09-14,-17.316683777586114,29.77188125221003,-14.847344494119893,35.46592291778636
2000-09-15,-17.914553692445633,28.990963773392764,-13.568748845791381,35.32382200147668
2000-09-16,-18.20934892387366,28.004977577588733,-15.233135883970185,35.52177793083954
2000-09-17,-19.04997577765362,25.5524115524228,-13.694542699851262,35.945519450875366
2000-09-18,-18.245915308578212,26.965981493504717,-12.548338197210272,34.79728807109032
2000-09-19,-18.178593349035143,27.173284715543893,-11.8638273629752,34.236370880069664
2000-09-20,-16.631980514980256,26.530272992276185,-11.949429406041222,33.374087051073836
2000-09-21,-16.63798007791809,26.848204100129596,-12.697153333611347,33.39174969540548
2000-09-22,-16.96157483066658,26.766670977853824,-12.495756486034823,32.600781419120985
2000-09-23,-16.6201698745382,26.67301866952109,-12.954591730848348,32.78341124864299
2000-09-24,-14.932414774511784,27.8895336575656,-13.089407711244014,32.60717220752175
2000-09-25,-15.052077637661286,26.512516058013052,-11.970558420894161,31.173581867574576
2000-09-26,-16.3343284612144,26.066644245125655,-12.7134894906533,30.89673541550247
2000-09-27,-16.030714548647467,26.64305804105631,-12.189948839626666,28.93780454353416
2000-09-28,-18.347170830860694,26.22009360162575,-10.000168677729942,27.31302390542498
2000-09-29,-17.66636715472872,25.774791275702608,-10.622420679433912,27.55595254440083
2000-09-30,-18.328489072244356,25.101622945546843,-10.267321822627592,28.142155146155943
2000-10-01,-19.15607398760519,25.41452510789856,-9.707224916613352,27.336839699225713
2000-10-02,-18.21163411425647,25.619439460053716,-9.304237780314246,27.185379746399377
2000-10-03,-17.84569609274232,25.170224650571036,-10.692337425789592,26.515448799159543
2000-10-04,-16.50607861086575,26.56381620813883,-9.582564131744228,25.842893757652035
2000-10-05,-17.19598580151347,26.568439584731117,-9.662833706666184,25.82047689626421
2000-10-06,-16.760873633041466,25.684843203795662,-9.362851571167285,25.449085449278467
2000-10-07,-16.636459026960576,25.28797386788546,-11.170050725805297,26.591314312326606
2000-10-08,-16.421976433145115,26.114206392363304,-12.576118526752577,27.60951097320695
2000-10-09,-15.143225876221923,27.073293691287585,-13.823385713621613,27.820883802221662
2000-10-10,-13.903581688011233,28.144076750922338,-14.336043702936585,29.411739195228957
2000-10-11,-14.523754876894307,29.340994527541,-13.901600196069946,27.971570125912166
2000-10-12,-15.056126127484074,31.957312110878892,-14.504552626469861,27.112221581538368
2000-10-13,-15.478191722725445,31.69497875691585,-13.587779226011586,27.22050171899561
2000-10-14,-15.04889486930725,31.385126250202436,-13.918315956039779,29.509995510401
2000-10-15,-16.00733311323972,30.305874575760658,-15.97011659169271,30.807313457727005
2000-10-16,-15.118259645454202,30.112504908695787,-16.324963413233387,29.00602372354742
2000-10-17,-15.417016841333965,30.57910708429641,-17.762234188297437,28.84181813350225
2000-10-18,-16.1072562671771,30.78818341230162,-16.232228584182305,28.570883607402745
2000-10-19,-18.074068979603847,31.593853428706236,-15.93022523455971,29.405586144028852
2000-10-20,-18.519976788978745,31.845663905977165,-15.226974904424425,28.961079215172866
2000-10-21,-19.62348760419216,32.469263444403744,-14.736906678730874,29.316391234611093
2000-10-22,-19.43195463115645,35.1027378226926,-16.411692003070137,30.60413012959347
2000-10-23,-19.947480538634853,34.432946724919724,-17.760343510933044,31.891786222010715
2000-10-24,-21.17330400723828,36.23618622409528,-18.692657374089208,30.979327647662046
2000-10-25,-22.176117374356927,36.689746330550335,-19.343310980616028,29.86712272089899
2000-10-26,-21.564027539197166,36.364722777125095,-18.548384192895256,29.715345279316438
2000-10-27,-20.62652392478557,36.699739955899965,-18.525677167912896,31.2219584389134
2000-10-28,-19.3855833123945,36.91469183146649,-16.87989917392454,32.31022571783847
2000-10-29,-20.226592328124116,36.815706162240765,-16.981613623666878,33.52834664073909
2000-10-30,-20.297232432090066,35.97707215206461,-16.67808764369225,35.51603942405445
2000-10-31,-19.303543254782866,36.34545074233966,-16.513594659325936,36.5150252036596
2000-11-01,-18.602558374758896,35.29469752997587,-14.037424696029653,36.76798667538303
2000-11-02,-17.47377147278936,34.49886577781381,-15.657829997061661,35.606903785735575
2000-11-03,-17.299618846400644,34.227447458502056,-15.746641430641592,36.138948779173475
2000-11-04,-18.375304488886105,35.089243516866816,-16.12089367624746,34.59399157122383
2000-11-05,-19.233867277041075,34.139730856486636,-15.0874436732933,35.265575309924905
2000-11-06,-17.086032776488835,34.39773656672635,-16.231472679956,34.93351941205643
2000-11-07,-17.82893750468725,33.554533190380404,-13.78070137770994,34.60235086075923
2000-11-08,-16.55348262600744,33.509238661665925,-11.921005774845002,33.43596102342238
2000-11-09,-17.659811511559074,36.021136137975546,-12.74961982016163,32.31667581030767
2000-11-10,-17.81177900911913,35.99855482833553,-13.026847155894252,32.86016999121603
2000-11-11,-17.520158314519634,36.236211124537355,-13.05849046842362,32.87777366287724
2000-11-12,-17.38370383569267,36.05749663043125,-10.707692374973968,34.89805700428473
2000-11-13,-16.898876751275434,38.52550602026777,-9.611075219481181,33.88102369696128
2000-11-14,-15.653075759361162,37.90963323619614,-9.790941412572009,33.63398962108379
2000-11-15,-16.11866049021559,37.60701592260149,-8.200263800330587,33.62678469422333
2000-11-16,-15.01483108597295,36.84198118073013,-7.02175573721258,33.88840386401982
2000-11-17,-12.95392752772158,34.949956841303084,-5.994300644204922,33.41694108740732
2000-11-18,-12.355381876820013,34.86850266808656,-4.937037623100269,35.58372820400117
2000-11-19,-13.65636472701628,34.12651280688845,-5.702191279016528,34.19007395477391
2000-11-20,-15.846374909085245,33.907858566605725,-4.915796235296111,32.55080978227567
2000-11-21,-18.19210320871281,36.41343068394823,-4.214389290909598,33.18813106059681
2000-11-22,-19.180664061016014,37.48128437259695,-4.433535351837548,34.4723175009701
2000-11-23,-17.72366000632246,37.97781302319259,-4.942582525041765,37.20026191067173
2000-11-24,-18.861619417354042,36.612606778632625,-4.706989891015009,37.78726189496831
2000-11-25,-20.520875694790774,35.66663802612627,-2.642495196442339,37.74483686959
2000-11-26,-20.910292495550635,34.87005807602666,-2.927611175332172,38.0593393640833
2000-11-27,-21.442376781126402,34.818313638081285,-4.027757839530558,36.391809606120525
2000-11-28,-20.806106119735144,34.24313101229239,-3.318910861204091,36.24524507086462
2000-11-29,-20.344070230172203,35.45370171000486,-2.247828225425587,35.47503666830871
2000-11-30,-18.787087501164983,35.16605797426384,-1.1449667174811273,35.77705731166583
2000-12-01,-17.660325386205223,35.91451800063694,-2.8004707774610846,34.16277264139498
2000-12-02,-17.331897587318963,36.20592508146928,-2.865901997660596,33.755232331996545
2000-12-03,-18.329408502017625,38.01280317214215,-3.9864618006756944,34.69615133188311
2000-12-04,-18.96176579026007,37.974921358555754,-3.494690720120651,34.44680297963274
2000-12-05,-17.88136035064049,38.97823403568059,-2.409399330122511,34.19559777826595
2000-12-06,-17.735900571636858,40.14739559789192,-3.005167506460271,33.970620370305944
2000-12-07,-18.755681914487383,37.950825465225684,-2.9904142557237368,33.35863677607647
2000-12-08,-17.87908066945661,38.31812221390437,-3.5645162045561904,34.58117493052587
2000-12-09,-17.470734650103918,37.93502958421661,-4.687934408670946,33.99407617012401
2000-12-10,-18.087986443788093,39.20111858707243,-4.933361218466396,34.28621287348619
2000-12-11,-16.995970824196714,39.280891859414275,-3.991465061002471,34.409204991850466
2000-12-12,-17.08866558120373,41.417059242334275,-6.0137086308065095,35.05027246664841
2000-12-13,-17.55128948793745,41.78555418597643,-6.349757467805356,35.013658641903284
2000-12-14,-17.249615312323602,40.33353495532529,-5.879102157184927,36.384832285759565
2000-12-15,-18.70698916139206,39.811788524250055,-7.870515405598789,36.592014418724446
2000-12-16,-17.648442932276367,38.555872228332504,-5.3866496465612865,36.6155733602848
2000-12-17,-17.47180100572319,38.378479300755664,-5.78761891158098,37.831413988320115
2000-12-18,-19.164935214311544,38.60043689424583,-7.196109002781979,38.200903379415436
2000-12-19,-20.336841518711772,38.49068875433468,-5.937610406251312,39.32525593792565
2000-12-20,-21.412937205495357,38.70649438041708,-6.019688065065708,39.07891965375533
2000-12-21,-20.61618262687571,37.96099372820079,-5.605627642467057,40.469563791047
2000-12-22,-17.729443139751016,38.98079935894354,-6.0477013150790935,40.88581456467421
2000-12-23,-18.413917357953906,39.16277808712728,-6.549470567477973,41.18856274006065
2000-12-24,-18.595102826341197,41.41274002992196,-6.5949180677811485,40.03623983211032
2000-12-25,-20.343266643445528,42.406196214227094,-5.018348239910891,39.55380263724194
2000-12-26,-20.25033139070101,42.75198042555391,-6.533608518511669,39.34328834919012
2000-12-27,-20.946024738953906,42.16281044129893,-5.79958977426926,38.91824087398049
2000-12-28,-19.790840034300896,42.28632758546781,-6.339701178900176,40.5282155895346
2000-12-29,-20.840181904676395,42.58811171305163,-7.12297797823783,42.350958073427925
2000-12-30,-20.598499933487094,43.64753260752927,-8.441759673767525,43.004046412785144
2000-12-31,-19.771929761924728,43.314563991971966,-9.307389128986198,42.20865422609166
2001-01-01,-20.91612855735932,42.155814821992806,-8.90045530028611,41.83877182233428
2001-01-02,-20.640780658318516,41.3709209669316,-9.347130664591976,41.319280899701326
2001-01-03,-20.95216582260547,41.76205616293586,-10.290186121327299,40.462628890198715
2001-01-04,-20.603707766759264,42.24738331501289,-8.48865192810138,39.05171725096338
2001-01-05,-19.76716208066692,42.38397334881939,-9.199331862953432,38.617382224553296
2001-01-06,-19.92826628086104,41.6411841612466,-8.12710032693318,38.627086241054776
2001-01-07,-19.709713252909232,41.90541210632924,-7.798976678663106,39.42512077398562
2001-01-08,-21.278570136648618,41.39092383523257,-7.3839740164066665,40.00144897090616
2001-01-09,-21.395579033936983,41.09401737093345,-8.56491787356662,40.26899867390211
2001-01-10,-20.9664498287438,41.15314855365428,-9.45129362093329,39.11708776188956
2001-01-11,-22.54131735306953,42.59274650652057,-8.975668807478185,41.74744636042851
2001-01-12,-22.220716932019833,42.74728817929679,-9.777323486110337,42.27229807699087
2001-01-13,-21.856294094000535,43.7212798047748,-9.935965397655341,41.710090638350486
2001-01-14,-22.11475661526799,43.81879719421693,-8.434743762719933,41.52617987278297
2001-01-15,-22.041192321062855,42.998865906801626,-8.652855879194044,42.58372626737318
2001-01-16,-21.945644104205766,42.08458393671493,-8.514744746423148,44.032740755886984
2001-01-17,-23.05403624462743,41.8733202496185,-8.784805485709601,43.17265724905522
2001-01-18,-21.565799712784308,41.760515039847306,-7.603995416122842,41.7751016816439
2001-01-19,-20.019710615285444,41.305650366095996,-7.588715545119828,41.77972204537015
2001-01-20,-19.439061502898472,40.908369036705125,-6.386001332277049,41.804593358183716
2001-01-21,-19.971192232482963,41.805824174112296,-6.457396808457258,41.52537272848704
2001-01-22,-21.243450137837193,42.5231135109711,-4.9098321957673745,42.946714682467686
2001-01-23,-21.539897799324258,39.81224849748295,-5.063716866019189,45.800326603391575
2001-01-24,-22.301010004810138,39.56025859868884,-4.4544828075977945,45.05566301608409
2001-01-25,-23.28421283385942,38.045306763805605,-4.922022790426741,43.68237981918235
2001-01-26,-25.555578538382267,38.96061713526479,-6.075315593196234,44.57702732969645
2001-01-27,-26.32606157889188,40.14768363019987,-6.303649049418332,46.39234487708733
2001-01-28,-26.52874888195772,40.04839829456379,-6.952123253518929,45.6092840146506
2001-01-29,-25.16449622442611,42.01024178260444,-5.694803851190925,46.50873097642966
2001-01-30,-25.36293685971508,42.31204314776906,-5.383383549053503,44.882026274945886
2001-01-31,-26.91046271414814,42.002702992692974,-3.6213815935037683,44.44277698020064
2001-02-01,-27.515113194996747,43.269713607969116,-1.6862473593922835,44.60643760223706
2001-02-02,-28.59715265807451,41.26282822361977,0.020540079056444283,44.15155525102456
2001-02-03,-29.28744280026251,38.46932657612492,-1.5217869642711355,45.21820900157446
2001-02-04,-27.995893676444314,37.43829595618881,-2.6033503067572266,45.9563749245852
2001-02-05,-29.262338275584803,38.31593609318425,-1.939235879481611,47.16608536574711
2001-02-06,-30.17328932231895,38.44143182670821,-2.3146032820727616,47.35911019911818
2001-02-07,-29.50012254862095,38.737450586364346,-2.662440624057763,45.047363447951604
2001-02-08,-29.71057711845523,37.39809592317064,-0.6297364522700883,44.600487741796655
2001-02-09,-30.157306951870304,37.464581544935044,-1.1793593147961738,45.39153831959727
2001-02-10,-31.194541865327558,36.448417094104386,-1.2438697371676544,46.55495541601449
2001-02-11,-29.47654139825188,36.828732495697636,-1.7872756268456327,47.81875406742866
2001-02-12,-30.08633604374644,38.72797333950514,-2.2460388111068,48.36409416554104
2001-02-13,-30.85769627196173,38.39485165869927,-1.4186861432194924,49.0697126295787
2001-02-14,-32.35039343802054,38.55758095694831,-1.6012076233556416,49.62285722491538
2001-02-15,-30.836328685962563,37.76009304555095,-1.5961971275194822,48.64457088841617
2001-02-16,-29.566913793685064,38.40960237437575,-2.676774849246775,49.573024894728015
2001-02-17,-31.521745699783406,37.073889308544,-2.430198932211188,50.00746981296256
2001-02-18,-32.213605189087474,36.59974295151963,-3.1004633650143223,50.18079753146825
2001-02-19,-33.03119255696484,35.37107538161521,-3.347330951820437,49.58522315469556
2001-02-20,-31.992772481840163,36.28462301229528,-3.6916983865184685,50.36963004901602
2001-02-21,-30.75709604183447,35.71314572418874,-3.3385135276259126,50.13948026120944
2001-02-22,-30.242370772011554,35.08706984150637,-1.9376048088809388,50.41766377491143
2001-02-23,-31.380700878074922,35.617951523138025,-1.810311130960684,50.190849433876146
2001-02-24,-31.244722511282657,35.80249693756829,-2.210242954407523,50.57794524403881
2001-02-25,-29.199418517324588,34.2782676135051,-2.4420350842407443,50.14128884298639
2001-02-26,-27.294089417469586,34.517461866355745,-1.796122168240431,49.22109707618462
2001-02-27,-28.167551413273124,34.80798085802291,-0.9950204941781182,48.491257954516094
2001-02-28,-28.10962089517572,36.52057732447122,-0.9516900137053684,45.79261988805029
2001-03-01,-27.566511624344752,35.94877503912119,-2.0563939878242548,44.35004930746617
2001-03-02,-30.131007668650767,35.63146791138153,-1.0281699941107565,43.53840702694696
2001-03-03,-30.049214885735474,34.955852115660925,-0.11667671436788951,42.70880399986188
2001-03-04,-31.811055546926823,35.38445334271263,0.1267713810955498,41.587771216652555
2001-03-05,-32.404947758478066,35.0086216635094,0.0033513026473252494,42.03223929452959
2001-03-06,-32.33104434421667,35.36768758781586,0.6192524205561796,43.07116150674485
2001-03-07,-31.3280782864058,35.94763932103319,-0.8210364180582777,43.808014898683076
2001-03-08,-30.339790485311124,36.46835048270672,-0.7086628636485567,44.055504259012814
2001-03-09,-30.968372950024737,35.952221577063234,-1.2807548997224125,43.913736359216266
2001-03-10,-30.20731579482166,33.674867033925786,-0.6630483457395928,43.5807346077088
2001-03-11,-30.772789816224602,33.69328457329021,-0.1509954832881989,42.64076606644945
2001-03-12,-29.41190209256421,33.03820294936502,-0.21586951751808253,43.51839535390931
2001-03-13,-28.6409751694083,31.154168198307215,-1.287714813731476,43.93331510537346
2001-03-14,-29.807171814419753,32.43209513686981,-0.2824254448312906,43.295927856173115
2001-03-15,-30.048023164591324,32.076139990257055,0.028310391053707584,41.751061710557515
2001-03-16,-30.393558952224076,33.08532422539821,-0.9569832174613176,40.746191598679424
2001-03-17,-28.786400349478793,32.13812553229408,-1.1996205521715895,40.21460268959045
2001-03-18,-30.871727763553523,31.841846832544785,-1.333907054929772,40.70426551745661
2001-03-19,-30.371277349158948,32.56190268454851,-0.9996639783323249,41.63619959596545
2001-03-20,-32.23461328144434,33.7655143190786,-0.24097817760052898,42.3507162057258
2001-03-21,-33.39485887206177,34.312910123739314,-0.01421287097049101,42.45857027936076
2001-03-22,-34.751199958807284,34.199112312832135,-1.2977827853629464,43.053123968321124
2001-03-23,-36.40245949303514,34.386136044849195,-1.6998898320118032,43.408974484268995
2001-03-24,-38.21949209790629,34.30288253448258,-2.5041063086966044,43.0484120730906
2001-03-25,-39.38676196689965,32.77749640698163,-3.248794436590363,42.56135444569343
2001-03-26,-40.72172684978921,33.94819428526313,-4.393538250891785,43.5688472636739
2001-03-27,-41.94647756844255,33.696439121387186,-3.9830237136178392,43.20571664133505
2001-03-28,-40.7233909299622,33.33283697077872,-4.414917145454029,44.82002050286722
2001-03-29,-39.77110477037855,32.329206184855565,-4.091880044693895,47.29276665020013
2001-03-30,-40.12537152151801,30.483160581743213,-4.307906824506996,47.75368238327955
2001-03-31,-40.86105659513466,30.08480500761669,-5.89650472676234,45.776448511425606
2001-04-01,-41.007939905578965,30.15012053914969,-4.176257815206952,45.979004347069825
2001-04-02,-41.33445954936352,30.64920093999875,-4.278764190008192,46.61163056183053
2001-04-03,-41.4610892937048,30.995751941725835,-4.008164302073071,47.21670141450666
2001-04-04,-42.022987717989025,32.107189991237085,-4.1967021351166895,46.959581355697516
2001-04-05,-42.38464460172857,30.72675843981569,-3.9830198277386244,49.52372371446829
2001-04-06,-41.62412200613736,31.466786310675843,-5.11317563504361,49.96813960688028
2001-04-07,-42.587168580187104,30.374822552110544,-4.9631418388237245,49.6674155083831
2001-04-08,-42.26846179315359,31.451492867060498,-6.421919192000362,47.713206653987946
2001-04-09,-40.66418266979522,31.654182343345255,-6.883117178173764,47.93376373600252
2001-04-10,-41.56788454104294,32.44930327623373,-8.107042219138089,47.461791177627205
2001-04-11,-41.317583954005585,32.77210824671314,-6.792527137175295,46.34021870811723
2001-04-12,-42.11579928101747,32.34396976363469,-6.342458715792883,46.08776082720428
2001-04-13,-42.75208639232364,32.648993912377726,-6.742613217362027,49.43269890702672
2001-04-14,-44.35850917762199,32.63952304730657,-6.614638372658903,50.844466795406134
2001-04-15,-42.51590800650983,32.56529969382262,-6.418659188005966,50.73456706529466
2001-04-16,-40.74067885810031,32.79724717345539,-7.406743633508978,49.79904806959774
2001-04-17,-38.164328720366335,34.20973724476383,-6.581120629922792,49.76737408081226
2001-04-18,-38.21063482005683,34.23884404130536,-5.893125748642579,49.14128818111299
2001-04-19,-36.59567732245778,32.73445213894512,-5.963292579826827,47.79316349610228
2001-04-20,-36.41531218294092,33.85678367977056,-3.8680652203122436,47.48208619910236
2001-04-21,-37.48053947433855,34.25090571274107,-3.8343023149166076,48.13741375005592
2001-04-22,-38.3426628077203,34.85557785768565,-4.712206102962666,47.595830518446824
2001-04-23,-38.652969315457646,36.34722557999678,-4.524541903521895,46.50712156819608
2001-04-24,-38.138330151856074,36.61180547588385,-5.1257229196984895,44.57645914009037
2001-04-25,-37.274812135221346,34.69400886712101,-6.62300869897447,43.755782273270675
2001-04-26,-35.55650064745109,35.16653285332602,-6.9724931692623935,44.35313770932304
2001-04-27,-35.56399961862988,33.91120201544606,-6.039536459058735,43.73472667603525
2001-04-28,-36.37778328613292,33.05591454946289,-4.839302244144495,44.67509564427111
2001-04-29,-36.10917375556719,32.97245213785223,-5.9246444508986,43.81763946860684
2001-04-30,-36.062514680818005,32.48938458640148,-6.993074627249298,44.1015943409668
2001-05-01,-35.037590857538156,32.24300115362051,-6.464138232702768,44.56034135378921
2001-05-02,-35.068814741288136,33.787707198685716,-4.69348138277172,46.72926114615155
2001-05-03,-35.71762735947893,32.8626123229969,-3.0700869622647025,45.62743250465065
2001-05-04,-35.029726680531,34.38760325260628,-3.491614988590891,46.554613005138926
2001-05-05,-35.291487565055355,33.82057653163907,-2.753706924473093,45.77888013983239
2001-05-06,-36.543516180375256,33.699255511432014,-1.529502467705157,44.952204117760175
2001-05-07,-37.6702991767275,32.64826758534846,-3.0789158943591772,44.95769530536123
2001-05-08,-36.555734245443354,33.63160023559384,-2.9191842468908913,43.240852088944955
2001-05-09,-37.155426275861664,33.61959775096664,-1.9968607473881084,42.13560821504159
2001-05-10,-38.49917744751417,33.75658785817311,-0.9181894751626645,41.14958221046617
2001-05-11,-37.21088791987168,33.90512597220912,-0.7116932764129467,41.75727842817889
2001-05-12,-39.08704176538288,32.568720780864886,-0.722908109302089,42.000800573102
2001-05-13,-38.32356770109403,31.994173113137112,-0.30855288159506267,42.474745052295866
2001-05-14,-38.25827432028656,33.19575879590609,-1.3051117334725744,40.65574725804219
2001-05-15,-38.08575383521871,32.05645194323707,-0.909710478489232,41.037048445305345
2001-05-16,-37.5582112712873,32.76148681506267,-2.3801138752651183,42.51668602788116
2001-05-17,-38.24789057408295,32.46445525313879,-3.903918146652516,42.887159603825985
2001-05-18,-39.0403134301328,32.30442364822072,-4.1022561771904735,43.486971959858984
2001-05-19,-38.601937580250855,32.527647495050424,-4.583559733451435,42.824912620377305
2001-05-20,-38.89543710527995,33.22031533100127,-4.372530124407661,43.883809128646334
2001-05-21,-40.263698840998046,34.36454726847238,-7.171599260170252,44.301581107834146
2001-05-22,-40.33368476021207,34.11002599032093,-8.056522607550955,44.61815137886812
2001-05-23,-39.333829204548756,34.574528060316815,-9.566611369470438,42.746205576837674
2001-05-24,-39.609573137559074,33.022878353054395,-9.552771487356312,43.22030716049846
2001-05-25,-40.76346773796654,34.00676734567328,-10.38398341558591,42.699879119807456
2001-05-26,-39.277934989968834,35.38508803185041,-11.08274295508081,43.16470562415429
2001-05-27,-39.26521613690971,35.10967608918049,-11.533722252231826,43.08232905162563
2001-05-28,-39.99864313205751,35.94481843410475,-12.494763105867516,43.53218598230102
2001-05-29,-39.46203485035966,35.745576996319386,-14.154320539884948,43.27579515686032
2001-05-30,-39.743514793975706,36.416187850264606,-13.521934690394774,42.52543890188579
2001-05-31,-39.59984421636095,37.74056967128991,-13.333363436567664,41.74309353292441
2001-06-01,-40.71075442481762,38.09264950375548,-12.926757968733524,43.47194647855166
2001-06-02,-41.50332149477883,38.653897998969136,-13.152440754454537,43.658249189895514
2001-06-03,-41.010109041991434,39.941462037026646,-13.489070178481002,43.321646690031756
2001-06-04,-40.16997333713304,39.85615486665121,-11.781548504334157,44.933837072908226
2001-06-05,-41.502815699697,39.11021571455274,-11.669103136792597,46.269721192786
2001-06-06,-43.701103142102546,37.910836042102616,-11.605760416414965,46.62159842571879
2001-06-07,-45.376841301014714,38.052992907245645,-13.21802174920882,47.74132033628173
2001-06-08,-47.72468197370305,39.81837234462987,-12.646264754476304,46.6258025272605
2001-06-09,-46.444346102153894,40.47607235376427,-11.631023210162702,45.61809160595847
2001-06-10,-44.79048532523817,41.038629634306524,-11.19811181826761,45.33170431221343
2001-06-11,-45.64729131262364,41.22562007836002,-11.942626192584155,45.34629634701539
2001-06-12,-45.827902762609334,40.98543750651523,-12.927595691006365,46.56403861067535
2001-06-13,-44.667785316850235,40.55279935224038,-12.510971997393922,47.31955901476833
2001-06-14,-42.34389651988377,40.1175491149656,-11.572043924766142,47.794915254666265
2001-06-15,-42.97647787253194,41.728906859928976,-10.82635912160255,45.44139678112788
2001-06-16,-43.75199644756437,41.53285758945974,-12.516639676599711,44.2207573919345
2001-06-17,-44.97790530400471,41.0343148926309,-11.484563570130282,43.70352919523513
2001-06-18,-45.93421600402563,43.02652769707832,-12.128371060473587,44.23755101640597
2001-06-19,-45.01193499374844,43.25479802898318,-11.860181941136933,45.03739973102675
2001-06-20,-45.52927882115462,42.174710309028825,-13.628959898745705,43.50624611987681
2001-06-21,-46.00666383765448,41.390859463568624,-14.201665836827203,43.76022974919414
2001-06-22,-46.92275445953273,42.33478053572136,-13.954093470043096,44.65194377038311
2001-06-23,-46.37619469023101,41.84562652474789,-13.780079637210306,43.46542854735689
2001-06-24,-46.58913806266044,41.07059034571283,-15.670876449298172,42.62318197785204
2001-06-25,-46.912656797511296,40.406765872858756,-16.04963786443538,43.72544299428295
2001-06-26,-46.58471936661894,41.19691204253522,-16.09691641106825,43.046403383697715
2001-06-27,-47.72997684132663,40.32839961897685,-16.1444055236194,44.09505575434706
2001-06-28,-48.037097642021294,42.408169504797804,-16.884679361648796,44.70995136182922
2001-06-29,-48.94389709310514,42.72062498502657,-15.988009533018985,44.55973900531986
2001-06-30,-48.13267847557503,43.84032287360527,-16.52882143343349,46.271898856116245
2001-07-01,-47.85022111550509,43.39777086022711,-15.821050291828476,46.018031841433036
2001-07-02,-47.824345769813156,44.5684602697178,-14.235169402624743,45.90152983204803
2001-07-03,-47.963195955703945,43.91523320046227,-12.64708078251281,44.53905821916286
2001-07-04,-47.67801979523628,44.67964209192274,-13.945497236250237,44.80040484892384
2001-07-05,-48.573338631732696,44.49829866515532,-14.51460465923359,43.00454624876735
2001-07-06,-48.742361434595956,45.09016303858711,-15.581130509470146,43.57106672399478
2001-07-07,-47.26903448298205,44.5128427462409,-15.631602000233102,42.29993496335099
2001-07-08,-46.46265100989731,44.02647596906915,-16.892396076087792,41.614753289678774
2001-07-09,-45.143618974167985,44.02713001199838,-15.520815744525525,39.85441560390586
2001-07-10,-45.05368415249475,43.196483412478166,-13.878197440873272,40.325267502663294
2001-07-11,-45.91520765537119,44.008028707180166,-12.909116385941068,40.16117838633452
2001-07-12,-46.59414497500344,43.240810947871616,-11.277862177429954,41.94529322288296
2001-07-13,-47.59084923295809,44.85212545266648,-12.492793164562325,41.73869306174394
2001-07-14,-47.41206598169261,43.607580364244455,-11.80728821760094,43.10815777882949
2001-07-15,-49.57657100602063,44.61227527338117,-11.71359441519391,42.80041904825119
2001-07-16,-50.232673335186234,44.66201670674922,-9.642339486918923,42.272590603546746
2001-07-17,-50.755008470783366,45.92309960693756,-8.531025400611906,42.25201403904842
2001-07-18,-50.835461443445645,45.98416344962144,-8.22272164670161,41.538833866150796
2001-07-19,-52.26493755712088,44.89651517437055,-8.828540108262409,42.35711535540682
2001-07-20,-51.282554345751436,43.48464491102815,-8.574990430906556,42.91039541439962
2001-07-21,-53.152406319731476,42.05175537459705,-8.20607398788002,42.29090476908364
2001-07-22,-50.77491412026834,42.861211368068794,-8.374752169370913,41.8625550295724
2001-07-23,-50.52670110435088,41.56159948129839,-8.0711611703892,41.21797787742058
2001-07-24,-49.84267961550735,40.87894380575293,-8.923038441241124,41.356766399389755
2001-07-25,-48.577594014745635,42.05634706048623,-9.373469254096724,41.52117825986452
2001-07-26,-49.120362112908026,43.374578240882265,-11.207911860977797,41.480702202678245
2001-07-27,-48.696464377724205,41.5336829496783,-11.659992264823394,38.23033299612448
2001-07-28,-48.507353626854616,40.85921464086875,-10.593686863782402,36.561097090531625
2001-07-29,-48.489447195189335,40.880268420022716,-10.653013727586675,35.7051864877845
2001-07-30,-49.05049574403126,41.371462997005956,-9.634446094907602,34.26905439368188
2001-07-31,-47.898990350320354,41.71452543596934,-8.854771289398933,36.02509802512756
2001-08-01,-46.939921918485624,42.59058450067054,-8.625635510542347,35.56511412774918
2001-08-02,-47.23077340501893,41.59577402047386,-8.840289783774654,35.62356242080177
2001-08-03,-45.92111659485628,41.17657330438643,-8.41239058715041,36.4159226031536
2001-08-04,-45.95549009577988,40.911762270887,-9.787939471662163,36.76229093340217
2001-08-05,-47.63569014504755,41.258896499085424,-8.128818758032104,37.084740187633564
2001-08-06,-48.15092733784524,40.502696302980645,-10.092447121557026,36.598611603981354
2001-08-07,-47.90131103465882,40.00660797841323,-9.44746348391676,36.57437196381844
2001-08-08,-47.26671626868394,41.26619984517408,-10.193368476581856,36.12419024367546
2001-08-09,-46.78560168478526,41.43933934048389,-11.338553599729678,37.131331916703594
2001-08-10,-45.92218410240697,41.72176044724228,-11.986940309843963,38.678883287194125
2001-08-11,-44.68724770842006,42.53576586010492,-11.43357519313483,39.32546460926833
2001-08-12,-45.82940783335186,42.50110335340365,-12.975413880720035,38.58561653348408
2001-08-13,-44.18348070239633,43.63592486961627,-12.535609789289694,39.23802801872352
2001-08-14,-46.10124207231939,42.06648047838665,-12.09147735041155,39.44790784559169
2001-08-15,-45.89664901042948,41.03269663027961,-12.860311441075574,40.13715729834933
2001-08-16,-45.87629103012864,40.82267029777643,-11.896925767939578,38.6852301099377
2001-08-17,-44.898682179921984,39.83616650046024,-14.188884400035828,39.17516885388624
2001-08-18,-46.46226275148787,41.95478352074537,-14.146119271163814,38.63367760863647
2001-08-19,-46.350804631864044,41.122240654085445,-13.125121993249168,39.75384518997769
2001-08-20,-45.7378479770703,41.74507836454005,-13.577306909156363,37.49993061716919
2001-08-21,-46.273300315932254,40.99119141438967,-15.445529257204273,36.76721609321426
2001-08-22,-47.41769052230132,40.34940581126087,-15.748295275375535,36.418737136395855
2001-08-23,-46.36706967647308,39.84206643729891,-14.296844058859696,36.20157518220492
2001-08-24,-46.98544333436634,39.35540553492752,-14.58850860335744,36.27225201241398
2001-08-25,-46.57945897491833,39.14138484313155,-15.017826711936722,35.759324623476466
2001-08-26,-47.68488433509605,38.27886036907443,-14.702834030325578,37.011945259373626
2001-08-27,-47.46559750090722,36.588017102635334,-14.990243473523895,37.21462869776549
2001-08-28,-48.76575747000666,36.13412200750338,-12.157254333001447,37.253967383956756
2001-08-29,-49.31219961112701,36.11409702616313,-11.775381245663462,37.53205032939323
2001-08-30,-47.246795140542226,36.69997403141871,-10.997709042235414,36.82433928285079
2001-08-31,-47.14133312667572,38.07952499536599,-10.509767080363517,36.54156941240386
2001-09-01,-46.51179290350195,37.91370770574273,-10.324990487599116,36.45696318922354
2001-09-02,-46.02563098059862,36.808346917274264,-9.55162252613184,36.36152570969972
2001-09-03,-44.29355106027154,37.591383631946954,-8.723926318078727,34.95448316188328
2001-09-04,-42.94163192820049,37.69922995656239,-8.681234715803326,36.590657189101584
2001-09-05,-42.52100164959192,36.58841496621843,-9.096469969138695,36.04842689790311
2001-09-06,-41.553925747460596,36.34004066560389,-9.909217814347777,35.999359474209214
2001-09-07,-41.66329494586632,35.50240999272852,-9.382311328199227,36.922767475780766
2001-09-08,-41.81163937788354,35.85020195758083,-8.709727287207462,37.14132131994932
2001-09-09,-42.16471310243093,36.659946708854456,-9.035456437501727,36.883602499901585
2001-09-10,-42.294833435928744,37.0499315662688,-8.976918494608926,37.58278058260949
2001-09-11,-43.242393739832536,36.916090515208346,-8.907361098971952,37.69103187504146
2001-09-12,-42.654550278171506,36.815589586474225,-9.848407429942137,38.38067008133994
2001-09-13,-44.59520972160898,37.94786523259724,-10.45781131887167,37.30462155155483
2001-09-14,-45.016078394002065,37.18047998912221,-11.453349049479856,37.70609627073511
2001-09-15,-43.89221666529691,39.25468797990381,-12.323994281651206,37.6596783920445
2001-09-16,-43.95591871181271,37.74051277319285,-12.402014412774374,38.58849857856958
2001-09-17,-42.75877618351758,37.86213687956433,-10.877410985785739,37.775632553153045
2001-09-18,-43.33570153907312,38.15771530863813,-11.896096982452496,36.34459916164973
2001-09-19,-41.70430574748552,38.028106233812295,-10.170059569227796,35.93286105786078
2001-09-20,-43.023544807673495,37.768432426158576,-10.60062891840535,37.005249797080396
2001-09-21,-42.60726335624362,37.589828698344284,-11.241983379765339,37.67755815102384
2001-09-22,-43.79619463390731,37.15326651660893,-12.139533326871367,39.528016395930884
2001-09-23,-43.99721678975504,36.961628817729775,-12.95485340760785,40.602708488773935
2001-09-24,-44.64577421392242,37.08552744198608,-10.693162246362704,40.281752861399305
2001-09-25,-44.69971389804114,37.448167280623686,-10.137937525078994,39.1696591142478
2001-09-26,-43.95724242629524,36.23837233250242,-11.267940763123894,38.5745074263251
2001-09-27,-42.63630617658027,36.89453192474998,-11.7666317965197,40.24612418159445
2001-09-28,-42.59926164269965,36.15857891021639,-11.52550899204493,41.26096006394148
2001-09-29,-41.28243694630555,35.00995520623149,-13.47352766458444,41.281564636736746
2001-09-30,-42.52691400863779,34.810431881904606,-12.764293907329195,41.987090903727676
2001-10-01,-42.28257817835537,34.586154858063146,-14.33021158040581,41.25362873793484
2001-10-02,-42.279013191655075,34.26350784895305,-13.908806778935906,42.288798893899475
2001-10-03,-41.73208482648303,32.89989386639938,-14.495411819769885,41.86593590024286
2001-10-04,-41.864218206044114,30.670361694670113,-14.190351775312726,43.93679088424133
2001-10-05,-42.02550822355585,30.248766953489724,-15.346887379301599,43.756459197747816
2001-10-06,-41.09098865794091,29.21552437641237,-14.676063972124384,43.700109716612545
2001-10-07,-40.52172648260013,29.540367323803075,-15.79201858545989,45.57381461381133
2001-10-08,-40.531046634430844,28.077836289988273,-15.52878394568019,45.33997973777283
2001-10-09,-41.43480234116409,29.449039481041552,-15.670342807898086,45.66968434175516
2001-10-10,-41.538703106371166,27.958967567958084,-18.17450847912278,44.78385611867193
2001-10-11,-42.13157237450263,29.4624901383595,-19.116511492466422,45.89714085006095
2001-10-12,-41.33609388573504,29.343552401352245,-18.238662353398645,44.73063378731657
2001-10-13,-41.06064148408778,31.260486616507603,-18.378142772324367,46.12943891448588
2001-10-14,-41.457278164207324,32.081604199469396,-19.22428570759514,46.80849341685353
2001-10-15,-39.15919984974801,31.034130326347473,-19.81520337184293,48.06126902543352
2001-10-16,-36.34678262960047,30.98088417592749,-20.13280317090225,47.56682696929468
2001-10-17,-36.50713401635698,30.33034168507456,-20.20328720504075,46.29726439706871
2001-10-18,-37.62734849507049,29.477224141059043,-20.706531449423206,45.62272365029256
2001-10-19,-37.47060139120753,28.902810002291346,-20.03037868564826,43.718376576508675
2001-10-20,-37.65509891747747,28.93869899470449,-21.31416840520842,43.91183057520992
2001-10-21,-38.10121037093739,28.71886267819996,-22.66330933377769,42.61287846337628
2001-10-22,-39.82163860135612,28.390806819490507,-21.99360096444835,40.975223994264724
2001-10-23,-39.54302556200391,27.490769043123063,-21.98925590755436,40.01669917778971
2001-10-24,-42.585667528426235,26.78586286667323,-22.324181746111037,42.43780309605734
2001-10-25,-42.724220028882556,25.85971038110035,-21.88519142907111,42.30708782345407
2001-10-26,-43.31433361783492,25.67887713606233,-22.888356963117005,41.77807477345612
2001-10-27,-43.00474867907263,26.74723551789321,-22.395491812136317,42.82725999018484
2001-10-28,-43.415011279830445,27.31834127655816,-22.859588010206668,44.80954706984707
2001-10-29,-43.6470069876962,27.50388534209934,-22.423573182667322,43.891649623062364
2001-10-30,-43.74472469965034,25.72929509003358,-23.88352025780874,45.13886836007047
2001-10-31,-44.98585445497136,24.29062727985367,-22.692985661599547,45.00184514701365
2001-11-01,-43.51178255005698,24.459573890476918,-23.78767522522972,44.73874899249856
2001-11-02,-44.69162160932639,24.718655581200338,-23.58889414346057,44.23853943544783
2001-11-03,-44.27338948092029,24.243116580372465,-21.86534333360243,45.619192767745766
2001-11-04,-44.66631536544116,24.424548120694077,-21.783461111051867,45.85226172604224
2001-11-05,-44.4478344919852,25.1953172630307,-22.350801433013903,45.61069204842935
2001-11-06,-43.730575507505776,25.7307021967662,-23.20063289109303,47.27687343826378
2001-11-07,-43.76035692203674,26.11727865818467,-23.01672963840646,46.024333811670644
2001-11-08,-43.01757628755334,26.08307497616674,-23.20888676378295,45.33103369137557
2001-11-09,-44.375657352179054,26.104533813726384,-24.845470790206207,45.889406099187795
2001-11-10,-44.081800968894626,24.336890881390858,-25.427311399730627,44.89101510716355
2001-11-11,-45.2981320349196,24.579677020824356,-25.578561487206542,44.93648934374462
2001-11-12,-44.226941651887515,26.38251111707707,-26.131455257701262,44.29075563992805
2001-11-13,-43.30827122414382,25.62710127991007,-27.132860984802832,44.8306709888304
2001-11-14,-44.00840154578583,26.283138786716272,-25.178811612329877,45.8199064648554
2001-11-15,-42.656659700071955,24.48146679027678,-24.406375364559878,46.69505432128382
2001-11-16,-40.53232121004403,25.168338504606826,-25.409273108472284,46.398918583494456
2001-11-17,-41.50469407412585,25.517502219004903,-25.463523416484225,47.06827281609924
2001-11-18,-41.04104662114858,25.80424886997847,-26.11273866786904,47.2190751591567
2001-11-19,-40.358660488787955,25.37589329118759,-25.137312038841767,49.787773878879186
2001-11-20,-40.19075986775023,25.901974559564344,-25.93589376583779,48.86231400973651
2001-11-21,-40.72358644725194,25.54357693123962,-25.37602932393103,48.51912262615177
2001-11-22,-38.749492812057596,24.233352443793226,-24.615139971469702,49.9401956579791
2001-11-23,-39.09476080563071,23.80022834714104,-24.222534863064592,49.56589508473978
2001-11-24,-39.14798333687557,23.088962379181616,-23.423374803619133,49.926082711497884
2001-11-25,-38.09783057327146,22.546644377312028,-21.869793734076833,50.5457135558864
2001-11-26,-37.398010697843354,23.559552786374464,-22.362925013044446,50.63689307447915
2001-11-27,-37.78478450499975,22.72577240325595,-24.894097581941434,51.21173011970004
2001-11-28,-35.6338384143915,23.791721789421892,-24.29491063683571,51.22533655653049
2001-11-29,-36.544804658570904,24.31821978321553,-24.128005713267445,50.98140439249458
2001-11-30,-36.858081044745305,22.777340700316923,-24.938569376978087,49.9309435374688
2001-12-01,-37.03485749842312,21.70037429994609,-23.965745920260535,50.554156119943464
2001-12-02,-37.96748019204822,21.653943400952063,-24.688939421873727,50.7734508036127
2001-12-03,-38.875645017252026,20.66612670132272,-26.979055981271163,49.82713685044597
2001-12-04,-39.966650988225815,21.81111518852279,-25.187788908464817,50.261769830172625
2001-12-05,-38.40374794223577,21.479304044078024,-26.37955324341736,52.24679591776356
2001-12-06,-38.09819240459674,22.716439355836044,-24.662585043885347,53.19828838004109
2001-12-07,-39.4801533883977,22.201887061800498,-25.210436374302308,51.84166639909801
2001-12-08,-39.578783890076096,23.404659539764392,-24.77129711538592,50.42813321693556
2001-12-09,-39.213797936769794,20.913247265430286,-23.780326506726848,51.904533383185296
2001-12-10,-39.03451056915594,18.662744354308042,-22.869128989471424,51.198438683810174
2001-12-11,-38.54192744114565,20.41438272746056,-23.282549073572408,51.4646249099624
2001-12-12,-39.43042163211186,20.305752741665334,-23.266843489376498,52.50299808468466
2001-12-13,-40.16978996535321,20.183451265632467,-23.88073763041297,51.9724055960049
2001-12-14,-40.786565130591995,20.368479951089917,-22.687192348201634,52.027650606973765
2001-12-15,-39.8702906296019,19.852141990182062,-22.852624113459765,51.77184474002429
2001-12-16,-39.60579550779744,18.406901675827644,-22.699885938265147,50.651474174803724
2001-12-17,-39.43300239209213,18.960092661011753,-23.310238512876268,50.826317006531745
2001-12-18,-39.597773560725514,19.44570744367583,-23.447990548592255,50.73355849758052
2001-12-19,-39.74839708886707,19.373468426731666,-21.697029530141105,50.922018116516504
2001-12-20,-40.14575972363237,19.182242217412316,-22.8673938764856,51.64959917795153
2001-12-21,-40.5768982602892,19.666088804427176,-21.694888290570862,52.43885676143014
2001-12-22,-39.33591240900117,19.816775331248344,-22.347862047900428,52.326614635281715
2001-12-23,-39.277333062733675,19.2138448865421,-22.226193694235384,51.74675424833406
2001-12-24,-37.95078992832533,18.980134551447406,-20.872382745169105,51.17098806120051
2001-12-25,-38.74894614555375,18.62128876899338,-22.151448514208212,52.76035370178917
2001-12-26,-36.37352366899419,19.583422062019853,-21.760114100551693,54.508168541632905
2001-12-27,-35.83639567632798,19.211675519962373,-22.90509167061158,54.24721271982692
2001-12-28,-37.98444321130199,18.47295389930785,-22.23538314338237,54.57804131881188
2001-12-29,-36.210540622669726,16.647261949044758,-22.26274770943814,54.97221602966032
2001-12-30,-35.69886573663128,16.17459069196818,-22.000520017610445,55.91997705727832
2001-12-31,-35.29763171601757,16.884660365812643,-22.58705668552588,56.299622883579524
2002-01-01,-36.17487068285982,16.776728036552658,-21.316238506716587,56.09019370901866
2002-01-02,-35.59629932659475,17.477061205282723,-22.00774467672352,57.654379983414145
2002-01-03,-35.06865717531685,16.693234525870768,-22.30193742628071,58.12580186779429
2002-01-04,-36.36006159251079,16.568418245730797,-23.147427478856102,58.63271375680671
2002-01-05,-36.639547463265956,17.328872103560162,-23.185139229728005,57.94390460784264
2002-01-06,-37.056996011890824,18.03652795084553,-22.35863647079049,57.94616558571795
2002-01-07,-36.98553620922212,17.68851649085806,-21.952790434324676,57.121314411090886
2002-01-08,-38.33115658837096,17.128285525900715,-21.940494981091184,57.04837983149722
2002-01-09,-38.42384286007897,17.93019669470714,-20.048690343006324,56.81259211652828
2002-01-10,-37.062883906633104,19.204562457672697,-20.508705906063966,54.182667312050846
2002-01-11,-36.44945716152471,17.99965074445278,-20.793171178310182,53.83839881622582
2002-01-12,-35.71773119135365,18.284524020906286,-21.566789196029205,54.9095608614879
2002-01-13,-35.70138791855163,18.551981035567085,-20.49317671482207,54.01052850183362
2002-01-14,-36.888496450671084,18.059282404257722,-21.474289301878166,53.99109543525082
2002-01-15,-36.08495470706687,16.893111526376796,-18.562310260325095,53.59047781910896
2002-01-16,-35.69066254033244,15.099671139122375,-17.506215882232798,55.220459908955576
2002-01-17,-34.82342832845359,15.162297899387593,-18.11126743785412,53.68361970168621
2002-01-18,-34.7002674771384,15.267958172759917,-18.419744823895613,54.75699911690283
2002-01-19,-35.71969681540247,13.888184049445409,-19.057682613236068,53.31887249203481
2002-01-20,-37.46862890310259,13.168145752831474,-19.79223374562888,52.71280454686311
2002-01-21,-35.964883044676945,13.343650355071825,-20.25638977197153,53.41654918094795
2002-01-22,-35.22384775439145,12.490469172526028,-20.6513833207238,51.97039653372703
2002-01-23,-35.048444249572896,11.584483022235462,-20.446895270680887,51.92883587682797
2002-01-24,-36.3542609496937,10.744675281523234,-18.352703127861815,52.24699912471233
2002-01-25,-33.97354558724586,10.46991594722868,-19.513406291876787,52.03519219395707
2002-01-26,-34.30844593605622,9.011796238805148,-19.719433888659285,50.2796898320396
2002-01-27,-34.815382167565886,9.953231855855087,-19.704133913350777,49.632445477649455
2002-01-28,-35.22719922551851,10.362079517383478,-18.72922204043842,48.55451767846801
2002-01-29,-34.485398959367934,9.590832965366786,-17.821635467533525,47.84697776694699
2002-01-30,-34.90540973534063,9.960807570689912,-18.61452856788213,48.259615262894215
2002-01-31,-34.51336141250411,9.711054424542471,-17.545623256848515,46.97224492483585
2002-02-01,-35.57272250856892,9.637472047826241,-17.593461523941617,46.13099324382631
2002-02-02,-35.837984363558675,8.94467075498884,-17.299658050210247,45.36151838748449
2002-02-03,-36.247348587608826,8.691255583924649,-17.626691694739915,45.85044494318404
2002-02-04,-36.174927508012765,9.142147327546228,-14.886335984938517,45.37415984261188
2002-02-05,-35.602754109757804,7.971238237075597,-14.189136264496293,45.75349191021051
2002-02-06,-36.49415802873065,8.295481151614924,-14.542107589487376,46.81134597105263
2002-02-07,-34.70072248661469,8.816074450826875,-15.503374967233054,47.417807493057225
2002-02-08,-35.359538082064454,8.172687973088737,-16.250248598705124,48.9515904402386
2002-02-09,-34.36732314892374,8.376585716643286,-18.359427124143533,49.51754739494417
2002-02-10,-35.26077092394649,9.82890153872935,-17.895205965158883,49.612787525206606
2002-02-11,-36.58561416961937,8.655729692865703,-18.631210694955453,48.7304063188144
2002-02-12,-37.27076022947417,8.144300945734681,-18.087567624887523,49.64591358139492
2002-02-13,-34.66134982701664,9.110620796264708,-19.094202525002938,50.008229447619264
2002-02-14,-34.82133728482075,9.314984377948882,-18.824393889394404,48.86176152409147
2002-02-15,-34.65586526517044,7.776750743377732,-18.994884646324795,47.44537568948122
2002-02-16,-34.72262871751091,7.054613721196237,-18.107845710806924,46.815815988530495
2002-02-17,-34.670293000031464,7.947400050755644,-19.265510886551038,47.108769379832225
2002-02-18,-34.88190368462872,8.948785729634158,-20.214192479342067,48.01840594887304
2002-02-19,-35.26326182651622,10.347925037390796,-17.98828277092374,48.685814647938834
2002-02-20,-36.161917379380355,10.398736463567849,-18.14282715293502,48.593825021625605
2002-02-21,-34.59223266755966,10.80244898428557,-17.992523159712484,50.97796178866146
2002-02-22,-32.92874712626142,10.670635053321929,-17.758215339413404,50.422334519572765
2002-02-23,-32.33028036616775,12.113625172253293,-17.960862286152913,51.79488827049388
2002-02-24,-33.03531646856789,12.713506684195888,-17.548805358371784,49.232522853586744
2002-02-25,-33.55497146645175,13.143561602713168,-17.564856419739417,48.907447573226904
2002-02-26,-34.6489895264053,14.338369058675013,-16.886425130554453,46.455319235133736
2002-02-27,-36.03707289808277,14.626834433415974,-16.150480198380667,46.52554484135225
2002-02-28,-34.649998793362585,15.502363490270543,-15.063353427949437,46.605950581373186
2002-03-01,-33.27465181621885,17.018519361226513,-15.418418658944178,45.89260208623121
2002-03-02,-33.954269478425275,18.616429110281533,-16.357460386870756,45.328837127379046
2002-03-03,-34.824743746909746,18.338628219476355,-15.790072714207216,43.4921760544788
2002-03-04,-35.438578173489915,18.695392173154307,-17.42287610770385,42.23281483939105
2002-03-05,-34.541080568468246,19.0658879132391,-18.28303002550329,41.878863895763466
2002-03-06,-34.13323905396061,19.107601799793375,-17.564658882188013,42.55353420278745
2002-03-07,-33.10284327290332,16.642787111513186,-17.523862964882444,40.69333311020561
2002-03-08,-32.284008914788345,16.90792334452986,-17.35899529073031,41.21354447158035
2002-03-09,-32.5904357323531,17.090400889718662,-17.993308310083723,39.08924278213664
2002-03-10,-31.613997484022367,15.996347984547397,-18.522044779947535,39.37880871599148
2002-03-11,-30.50310628687574,15.690493206324895,-18.33616378487527,39.51786259334642
2002-03-12,-31.479435719299005,16.67414609115714,-18.24501503163929,39.28677795795876
2002-03-13,-32.03260440097234,15.911447778797404,-16.656322242449363,40.29775693341267
2002-03-14,-31.7482622611898,15.811124121935064,-16.495069010415015,37.8261713904475
2002-03-15,-32.196920712691195,15.4267467429374,-17.311044099758337,37.73041010786437
2002-03-16,-32.415898011639456,14.154115428952634,-16.850851592621492,38.11290046606675
2002-03-17,-33.01266894955522,15.061764568900685,-16.34139847652907,37.65671789488016
2002-03-18,-33.36330323560522,14.358455133697767,-16.709060677719034,39.33519343514695
2002-03-19,-34.41601468502844,15.523287530156074,-17.02390275032698,39.49029985879369
2002-03-20,-35.19441335870312,15.099532850789599,-16.347467703348574,38.22261591700063
2002-03-21,-36.64257511606683,15.77123272644211,-16.88159947746987,38.074522184746684
2002-03-22,-36.576528254514336,15.952902084458122,-17.28351819058107,38.98615825354807
2002-03-23,-36.723246995012644,15.027223050200945,-16.932928047110323,39.00722833134721
2002-03-24,-36.73873890455538,14.894907521018249,-19.21133478387087,37.87805132446942
2002-03-25,-35.63050314984674,12.72055850057984,-19.318190976060155,40.44097712319582
2002-03-26,-36.16188587500282,11.535938896458372,-16.975842275687622,41.36472054319466
2002-03-27,-38.00516578179369,12.225082046742406,-15.63346904162954,41.76774921739363
2002-03-28,-38.37964620818574,12.431269086577636,-15.51955622593655,41.70308054968314
2002-03-29,-38.52469486808651,11.400662437962165,-15.692707445852541,41.54979389225292
2002-03-30,-38.9108324848348,12.4710469168262,-13.424926287893689,40.640014781520705
2002-03-31,-38.39675287339108,12.540321160642764,-14.540810511802327,40.50628695392688
2002-04-01,-39.06089864009324,11.003692878783532,-15.12787237640006,40.68265155373472
2002-04-02,-38.28311959874582,9.293638792781607,-13.916336188326436,42.26942760795492
2002-04-03,-38.1531745136955,8.56591944633149,-13.055364926673398,42.18152932198771
2002-04-04,-36.212213235790905,8.450932911084452,-12.342631943909653,43.638765113439405
2002-04-05,-36.514419946936265,8.956203335722286,-13.164971895168508,44.12682895183414
2002-04-06,-37.41971653537965,8.993803631409556,-12.960856779372572,43.67051578226693
2002-04-07,-38.78751959773062,10.021418068236988,-10.642169760814323,43.406175914237
2002-04-08,-38.613403543778375,8.720006186134347,-11.688476864782054,42.173248695826864
2002-04-09,-39.021082584626356,7.845092752090126,-11.923847335151365,43.076321337472265
2002-04-10,-39.64509464165313,7.7967288306589335,-11.171215555323435,41.57540342684769
2002-04-11,-39.750555667081706,6.521141525916268,-12.190028980678129,41.297263685355006
2002-04-12,-39.484284731785735,4.927812476073636,-12.088582015134817,41.42146603314158
2002-04-13,-39.22894907085501,6.2492726625920305,-11.241605675536773,40.55563037709659
2002-04-14,-39.78740102867176,3.4175319163223477,-11.795870604330519,40.563167112850216
2002-04-15,-39.952904512759936,4.6158982315639285,-11.459045602598577,39.3901933191057
2002-04-16,-41.05399815010786,6.233597341561367,-10.921280692327404,41.252382388331114
2002-04-17,-40.179774299501545,6.3540530109345426,-11.007103712128213,41.89462029319256
2002-04-18,-41.03572729964691,6.59351393263841,-11.53694412234563,41.25717409833056
2002-04-19,-40.99221278894129,7.347046376302822,-11.484302492364687,40.02236364395526
2002-04-20,-41.83628854059601,7.270845341361478,-10.870281962206638,40.853973275984956
2002-04-21,-41.07873509119513,7.371729565535342,-10.818707570557217,39.37600885483821
2002-04-22,-40.96098882021888,5.2057450897379045,-10.66038357389256,40.062273749713086
2002-04-23,-39.44741046463431,5.17358978409683,-12.904765752538864,40.481186484821166
2002-04-24,-40.29224342795369,4.386275098736724,-13.84331195720445,40.15529695646377
2002-04-25,-39.708279648113574,3.1011006989671457,-12.841361077119055,40.82718681884328
2002-04-26,-39.720392692510416,4.91526201973229,-12.849571203839888,42.31575181461614
2002-04-27,-38.61606346715895,4.900111910080938,-10.093836825648161,41.306749088234426
2002-04-28,-39.02360849687289,4.875703189770311,-10.608203963511265,40.14703579843821
2002-04-29,-38.806392228800476,5.437661109992103,-9.737389640566796,38.851883179908334
2002-04-30,-38.197966495501056,4.842275071741301,-9.46854342802321,39.02604281113887
2002-05-01,-38.354521121137324,3.7723690448698264,-8.408388211058917,39.773046833187955
2002-05-02,-38.60818525392378,2.8754893869991873,-8.211988704837179,38.3436433347778
2002-05-03,-36.813433384410516,3.154207759432441,-8.953222505957632,39.299172580835844
2002-05-04,-36.862231722855086,4.171983310983498,-9.631852935703465,39.73466304251231
2002-05-05,-36.67636841454994,5.1559980443842495,-9.293132622478145,39.46091144172344
2002-05-06,-38.41449555647489,5.5084219131309435,-10.029852979248192,39.02887957696269
2002-05-07,-39.55714584418429,6.325313909935584,-10.199843808510591,38.776911083585595
2002-05-08,-39.130378247718326,7.001400639751217,-9.666038369900818,39.35503420266182
2002-05-09,-38.59960051223243,6.026089960496782,-9.3620032778219,39.247285592068394
2002-05-10,-38.1287415222156,6.030048146162889,-7.34205970654574,38.27846127084151
2002-05-11,-38.36586876448792,4.828824482447155,-7.975088846891341,39.504295546070686
2002-05-12,-39.335307010623524,3.213988593274299,-6.391541910183313,38.08444430778731
2002-05-13,-39.608692710403595,4.608021429884624,-7.516790131764916,38.597499420686596
2002-05-14,-41.29371403820592,3.9919309029594623,-6.992221071599801,39.514998371695185
2002-05-15,-42.65436394177103,2.9571162975328456,-8.171317324103418,40.26609227756017
2002-05-16,-43.115034851217246,2.599927688788858,-6.330194181107122,39.5164008866489
2002-05-17,-43.05514822965714,0.8055825758071047,-6.764540484935642,39.09736163237129
2002-05-18,-42.945724508045586,1.9253021215307047,-6.358864128903482,38.02422646286525
2002-05-19,-41.13483905436959,1.3874920461268183,-7.455111510049328,37.89210904475444
2002-05-20,-39.600230160725985,1.5566208083229829,-6.3286255248693415,38.44952538914561
2002-05-21,-37.64509881171742,2.403408373790164,-6.175417859238291,38.318550586553116
2002-05-22,-36.36355892563379,1.5392212478258216,-6.7862187110662315,38.54089325381126
2002-05-23,-35.866677027844226,1.9826346089931182,-8.720020226793459,37.848725614277384
2002-05-24,-36.258916842870356,2.585718107615684,-9.663315844923037,36.293904951722176
2002-05-25,-35.50377056639414,2.849914227495733,-9.203891887686071,35.75943161224658
2002-05-26,-33.87817353096872,3.742700456247976,-8.777266872490586,35.7018167295247
2002-05-27,-34.94161165298155,2.9354799712321604,-11.091570163294206,36.26238202894708
2002-05-28,-33.965678340862034,3.313016889836035,-11.916452445314137,36.88605359334663
2002-05-29,-34.31525253668109,4.145239304148867,-11.441552647261082,37.80568043139794
2002-05-30,-34.473781625625364,4.67315989317179,-11.507756161880222,38.198824760071645
2002-05-31,-33.72384409794391,5.674221700159578,-11.294858014698509,39.23865567701967
2002-06-01,-33.611468630754,5.161825265511754,-12.630888751426848,39.02725834434402
2002-06-02,-33.23645078608225,7.206210433836953,-12.43760996003167,39.75495299539076
2002-06-03,-33.29625716570619,7.817668010496308,-12.94264189564194,38.99916595655572
2002-06-04,-31.79449331561783,7.912396365016522,-12.127584145127164,39.38240037269008
2002-06-05,-32.443256707775205,6.788736822335196,-15.238940066596726,38.285425594626766
2002-06-06,-32.63212713416034,5.675139096023818,-16.829682609632727,38.0033310421781
2002-06-07,-31.55036530225148,5.77201122526666,-16.235306434438915,36.732911871570806
2002-06-08,-32.212945652678066,6.122992695446872,-17.83865966229621,36.49925199886621
2002-06-09,-31.989269713084987,5.346899239712836,-16.3373082953102,36.10156718157623
2002-06-10,-31.446088751005547,6.658418514872146,-15.352569521152116,37.424567509420974
2002-06-11,-31.898547348739502,5.232003937899982,-14.592474808415595,38.640543211616006
2002-06-12,-30.660037853300214,6.190088222692972,-12.481274102224322,40.29994332292912
2002-06-13,-30.535219992098835,6.278633363190224,-10.95980915443311,41.03525690171907
2002-06-14,-29.446709815233767,5.883620623109213,-11.565455559474147,40.37222875008301
2002-06-15,-29.818512284630867,5.08603703780378,-11.61844431235523,40.6229846910112
2002-06-16,-30.245476945693888,6.40661861080323,-11.24227712093327,39.493674909311935
2002-06-17,-28.14936838381138,5.152504197234989,-11.20109127267653,38.815142678184564
2002-06-18,-27.749428332248883,3.748015296105377,-10.413549214960035,39.102290396023605
2002-06-19,-27.875908441571504,3.0549234554355316,-10.228584722759015,41.01601402305996
2002-06-20,-28.027306173723467,0.503645481044571,-9.461635064412672,40.40469138705143
2002-06-21,-26.734340561790795,1.6631025972259,-9.865718367715424,40.22284659747294
2002-06-22,-27.93938292475057,2.096239401233495,-10.569421647296785,39.31397277648789
2002-06-23,-26.589630113248383,4.309775465113704,-10.613841757936886,39.57581317970126
2002-06-24,-26.269209504223507,2.971099547034048,-10.461831598534168,40.627786923336814
2002-06-25,-24.776391412844436,2.442341240529964,-10.619332488973047,41.263793803184754
2002-06-26,-24.19696698964648,4.0995105352226044,-8.832101140602466,40.91880097068144
2002-06-27,-23.937029837475443,3.0991833827263893,-8.790901364205093,41.14807389458384
2002-06-28,-23.03047597565964,4.1441450249358605,-9.960608107790422,42.93151692469519
2002-06-29,-23.329038560265104,3.7853443446100328,-10.557594278985231,42.09716891943232
2002-06-30,-22.70178399159246,3.851168233263821,-9.498749919168276,42.13620443353865
2002-07-01,-23.56436894271301,4.167493023796674,-9.982318763218581,42.050822444286254
2002-07-02,-23.792563225244844,4.28169670881022,-8.166978062820288,43.03608388323071
2002-07-03,-22.910949549692717,5.253396231599234,-8.442522171011094,43.65668573713208
2002-07-04,-21.991139138658642,4.7737874115047365,-7.52796126612072,44.61957721058349
2002-07-05,-23.323598300080192,4.941793444719183,-8.84347971806643,46.04159859040071
2002-07-06,-22.901559717681305,7.833055861640728,-9.106959968635469,45.18296480463632
2002-07-07,-22.96503631675446,7.773815897635277,-8.896280454777866,45.28399626037726
2002-07-08,-24.324661899145763,6.310436467506243,-8.575761455024567,43.67376040098725
2002-07-09,-25.13152131844391,8.991096974608244,-9.14140587603458,43.81736092174746
2002-07-10,-24.35107025521907,10.258691622753675,-7.721469884415942,44.65483854585333
2002-07-11,-27.404159875547165,10.229712404268394,-6.697082606173401,44.91999688409302
2002-07-12,-28.436057658207712,10.77125892848142,-6.303042128645685,45.64595765401382
2002-07-13,-28.01808875985437,10.571665707327915,-6.515967293321116,46.441170017851114
2002-07-14,-27.806046774929573,10.243217863730207,-7.191393941856412,46.35277491018266
2002-07-15,-27.162421685477543,11.686132514787115,-7.644083958598563,46.546522077429344
2002-07-16,-26.234859081945004,11.752298333518853,-10.149989596693683,45.65159165874054
2002-07-17,-26.85172850974669,10.809205068318217,-7.6476580459067565,44.440277887886566
2002-07-18,-27.988797045595778,9.511239306073831,-6.9700332475491535,43.3041444298705
2002-07-19,-28.740958041354084,9.631903942892745,-6.464965394039183,42.919767155283935
2002-07-20,-29.85755176815721,9.292672663346096,-8.123673950210062,41.335106466787714
2002-07-21,-30.85592772973827,8.778200590121205,-8.136469687976662,41.36713761192684
2002-07-22,-29.5516550646484,7.804343600200909,-7.734711967212865,41.44111708485032
2002-07-23,-28.45383764029112,8.397863776349649,-9.148539581039602,40.28215339591163
2002-07-24,-28.28291953505467,8.860534818913456,-9.211887632883846,41.1826584814883
2002-07-25,-29.612511858079788,7.991589481982663,-9.698785322673197,40.94212542995746
2002-07-26,-29.790149552116063,7.578464939718631,-11.424888219152413,41.38901332000748
2002-07-27,-31.79726125709024,6.934041509141372,-8.981662510939172,41.78343344038292
2002-07-28,-32.51767579532817,6.525801213010873,-9.948388750190114,42.12197819276023
2002-07-29,-33.65507697005458,8.21762335971214,-9.159697573377285,42.95350216004
2002-07-30,-32.43284822272712,7.3588578516659595,-6.610228649447288,41.17459933180047
2002-07-31,-32.48660396537427,5.956144010936642,-6.620594421001866,40.12615344358374
2002-08-01,-32.91398705035831,6.312724731705236,-6.651417736187711,38.12610586441515
2002-08-02,-31.170821206625703,6.403108355939212,-7.037212816368729,38.894198520678216
2002-08-03,-30.108469292199754,5.801869039029701,-8.025667986517412,39.783372155208355
2002-08-04,-30.954716861572283,7.125492831715512,-7.227601743224009,39.25933041473728
2002-08-05,-29.674493463514153,6.3280442210936,-6.384483183774809,39.18684065081033
2002-08-06,-29.229958826923866,6.804586671086736,-5.3911176882768395,38.795869034302896
2002-08-07,-28.801495067891366,6.397462584581199,-5.111987037193085,35.921576469650866
2002-08-08,-29.473936706292058,6.406447432864788,-4.204143268387038,36.4944555993184
2002-08-09,-31.172928794339754,5.6823968106578295,-3.48686841246789,37.49479955218699
2002-08-10,-31.429898079507378,6.017579030033489,-3.2962711185380513,36.12269267732107
2002-08-11,-31.35133335374903,7.359597015416648,-1.4416171753559561,35.16984603422724
2002-08-12,-32.94081679348609,6.983279711083163,-2.5143996181177277,36.59781649153112
2002-08-13,-35.23726107006501,6.455845813758922,-1.4310005587178305,37.62154723380644
2002-08-14,-33.76620952180636,6.225418498115751,-2.9984509401602004,38.84983575868443
2002-08-15,-34.79420553559334,6.866663595304302,-2.075879747511231,38.85819964910903
2002-08-16,-35.33293402005979,5.09468896059316,-1.6947451459728358,40.193583112481015
2002-08-17,-35.91049540798609,5.882228760447292,-1.5535930883522113,40.316534788400496
2002-08-18,-34.45773468449858,6.0670896083026165,-2.771364260339345,39.940031893873154
2002-08-19,-35.44017682277047,5.625549949705745,-2.6816262051979605,39.770991666559695
2002-08-20,-36.23719088904864,5.38085992697793,-2.116842556039369,39.37691424572055
2002-08-21,-36.42618462779357,4.43298585766367,-1.6037399837836437,40.357800648470594
2002-08-22,-35.31732561550268,4.703787149486998,-0.7758382280365702,40.873115116011824
2002-08-23,-35.57952928728711,4.42057840902143,-0.17592445781414157,41.215597379408486
2002-08-24,-35.561451320590784,6.247442440269111,-0.24973468312768926,40.906824976657134
2002-08-25,-33.742337788789776,7.273945256265692,1.1301489644050728,39.60178961916716
2002-08-26,-35.01857365305043,7.194283789162104,0.9095354052695688,39.37089579391649
2002-08-27,-34.344576454196314,7.44221059002379,1.4559678470133672,38.683459031011296
2002-08-28,-34.281350531977424,6.68642371261082,1.6058844457425399,38.217232750648876
2002-08-29,-34.82077597541721,8.02641649437668,1.9703098639758863,37.1757381883895
2002-08-30,-33.80986347206255,9.220327329983984,1.697276540553925,37.20107278689391
2002-08-31,-35.08308238772232,10.245376249730716,0.22635543558143323,37.18622522745218
2002-09-01,-35.899363515740184,9.673822649637263,0.5182365951701677,36.77904341945684
2002-09-02,-35.071022189373465,9.240180003579084,1.1674888519939128,36.48886503117547
2002-09-03,-33.8961382152425,9.085703433489423,0.9285153131813944,34.89090654609705
2002-09-04,-34.06466137882117,8.468451258421393,0.8238276057626203,35.91910894194982
2002-09-05,-32.76194510893411,8.69191129547444,0.6517266950911926,34.791232811608836
2002-09-06,-31.927386967481322,9.514664824177288,1.295817069582415,35.089319180944
2002-09-07,-31.85726049595681,8.98931667230295,1.7430754293294843,34.450457009136194
2002-09-08,-31.103365750985514,9.013149588637352,-0.023402973108452185,33.763696252488685
2002-09-09,-31.221532267814197,8.80548296919951,1.3499020652156353,32.920739376559325
2002-09-10,-30.96682709890958,10.129694217894693,1.3910984617167064,33.774229933685184
2002-09-11,-32.120820893457655,8.596873985259087,1.6604390109528795,32.9052147766425
2002-09-12,-33.981787588969496,8.899434492418319,3.128642258975911,32.21526353380153
2002-09-13,-33.039218757360516,10.420989719560174,1.4326955616504427,32.10339266771623
2002-09-14,-32.99490701600664,10.409364452794238,1.4163667424806718,31.108998371714442
2002-09-15,-32.918081340804164,10.089985784681312,-1.0521643811308887,30.521386927432676
2002-09-16,-30.93001127796464,8.416891677155636,-1.3612430115315362,27.30635900734955
2002-09-17,-30.621668339474265,6.71744603743865,-1.40581241766925,26.95940303834765
2002-09-18,-30.798095379109498,7.307992037796592,-1.0422440432581548,27.40831243058365
2002-09-19,-29.820347820159704,7.215698618521008,-2.7841291030515607,26.36772201882368
2002-09-20,-30.721635945746236,8.079665391081539,-2.0271309708928094,26.002231728810756
2002-09-21,-30.799522306642142,7.987564294980824,-1.7738083132389004,29.686721559587745
2002-09-22,-30.312014963997353,8.565270265340757,-1.8646962586617066,29.012220559239438
2002-09-23,-29.884749266825683,8.949160651556967,-1.5660985006138677,30.179333651569568
2002-09-24,-30.26053965737632,7.598336384329869,-1.4891100875903205,31.62499102861624
2002-09-25,-29.990630751592082,7.698926549458511,-3.225018910466444,33.320272197204744
2002-09-26,-29.704176818039773,6.8096546774463365,-4.339087065326277,33.87087340771777
